school,sex,age,address,famsize,Pstatus,Medu,Fedu,Mjob,Fjob,reason,guardian,traveltime,studytime,failures,schoolsup,famsup,paid,activities,nursery,higher,internet,romantic,famrel,freetime,goout,Dalc,Walc,health,absences,G1,G2,G3
GP,M,20,U,GT3,T,0,4,other,at_home,other,father,4,3,1,yes,yes,no,yes,yes,yes,yes,yes,2,3,2,5,4,5,27,9,18,13
MS,M,19,U,LE3,T,2,4,teacher,teacher,home,father,4,4,0,yes,yes,no,no,yes,yes,yes,no,1,2,2,5,1,4,1,16,3,12
GP,M,18,U,GT3,T,0,1,other,teacher,other,mother,1,2,1,no,yes,no,no,yes,yes,yes,no,3,3,1,1,4,5,25,8,8,5
GP,M,15,U,LE3,A,3,3,teacher,at_home,home,mother,1,2,0,no,yes,no,no,no,yes,yes,yes,5,2,5,3,3,5,15,11,15,13
GP,F,21,R,LE3,T,4,3,at_home,services,course,other,1,3,0,yes,yes,yes,yes,yes,yes,yes,yes,3,5,3,3,2,2,20,9,13,11
MS,M,19,U,GT3,T,0,0,services,health,reputation,mother,2,3,0,no,no,no,no,yes,no,no,yes,1,4,3,5,2,4,2,16,12,13
GP,M,21,U,LE3,T,3,4,services,teacher,other,other,2,4,3,no,yes,yes,no,yes,yes,yes,no,5,2,2,4,4,3,9,14,18,14
GP,F,15,R,LE3,T,1,3,health,health,home,other,1,1,0,no,yes,no,yes,yes,yes,yes,no,3,4,4,1,1,1,18,13,13,15
GP,F,17,U,GT3,T,3,0,other,at_home,reputation,other,1,3,2,no,no,yes,yes,no,yes,yes,yes,1,4,2,4,3,4,7,14,12,10
MS,M,15,R,LE3,T,4,3,other,services,home,father,2,3,0,no,yes,no,no,yes,no,yes,no,3,2,1,2,4,3,6,15,10,16
GP,M,20,U,GT3,T,3,4,other,services,reputation,father,3,4,0,no,yes,yes,yes,no,yes,no,yes,2,5,4,3,4,4,0,6,9,8
GP,M,15,R,GT3,T,2,2,at_home,services,reputation,mother,4,4,0,yes,no,no,no,yes,yes,yes,no,1,1,3,3,2,3,11,9,6,11
GP,M,15,U,GT3,T,4,4,other,at_home,home,other,4,3,0,yes,yes,no,yes,yes,yes,yes,yes,3,4,5,4,3,3,28,4,3,5
GP,M,20,R,LE3,T,1,1,services,other,other,father,1,1,1,yes,no,yes,yes,no,yes,yes,no,2,4,5,1,1,4,27,8,3,2
MS,M,18,U,LE3,A,2,3,at_home,other,other,father,3,3,2,yes,no,no,no,yes,yes,yes,no,2,5,1,3,2,2,4,17,6,12
GP,F,15,U,LE3,T,3,3,teacher,health,course,father,2,4,2,no,no,no,no,no,yes,yes,no,1,5,2,4,4,4,15,8,7,5
MS,M,20,U,GT3,T,4,1,other,other,reputation,father,1,4,1,no,yes,no,no,no,yes,yes,no,4,3,1,1,2,4,24,18,14,18
MS,M,19,U,LE3,A,1,1,other,other,course,father,3,3,0,no,yes,yes,yes,yes,no,yes,no,5,5,5,4,2,3,3,4,9,8
MS,F,17,R,GT3,T,2,2,teacher,services,course,other,3,1,0,yes,yes,no,no,yes,yes,yes,no,1,4,3,1,5,1,16,16,16,17
GP,F,17,R,GT3,T,1,3,other,services,home,other,3,3,3,yes,yes,no,no,no,yes,yes,no,2,2,5,5,2,3,23,6,6,4
MS,F,15,U,LE3,T,3,3,teacher,health,home,other,2,3,0,no,yes,yes,no,yes,yes,yes,no,2,1,4,1,2,5,20,10,12,13
GP,F,18,R,GT3,T,1,2,at_home,teacher,home,other,2,4,1,no,yes,yes,no,yes,yes,no,no,1,3,5,2,3,4,1,10,16,12
MS,M,18,U,LE3,A,0,0,services,health,reputation,mother,4,1,1,yes,yes,yes,no,yes,no,yes,yes,4,2,5,5,2,4,11,15,14,14
MS,M,19,U,LE3,T,2,2,teacher,health,home,other,4,2,0,no,yes,yes,yes,yes,yes,yes,no,5,1,4,4,1,2,0,10,3,8
MS,M,15,U,LE3,A,1,4,health,at_home,home,father,3,1,3,no,yes,yes,no,no,yes,yes,yes,3,1,2,5,4,3,29,10,13,8
MS,M,17,R,LE3,T,3,3,teacher,at_home,reputation,other,3,3,0,no,yes,no,no,yes,yes,yes,no,1,1,5,5,3,2,11,3,12,8
MS,M,18,U,LE3,T,3,1,other,health,reputation,mother,2,3,0,no,no,no,yes,yes,yes,no,no,5,2,1,4,2,4,11,4,9,8
MS,M,15,U,GT3,T,1,4,at_home,health,other,father,4,3,0,yes,yes,no,no,yes,yes,yes,no,5,3,5,4,1,3,11,14,4,13
MS,F,21,R,GT3,T,3,3,at_home,health,home,other,3,1,0,yes,yes,yes,no,yes,yes,yes,yes,2,3,1,2,4,3,18,17,18,17
MS,M,18,U,GT3,T,4,2,teacher,other,home,other,4,4,0,no,no,no,no,yes,yes,yes,yes,3,1,4,4,3,5,24,6,15,14
GP,F,20,U,LE3,A,4,4,services,at_home,home,other,4,3,0,no,yes,yes,no,no,yes,yes,no,1,2,5,3,1,5,16,14,13,13
GP,F,21,U,LE3,T,4,3,health,health,other,father,3,3,1,no,yes,yes,no,yes,yes,no,no,2,1,4,3,2,1,19,11,4,6
MS,M,18,U,LE3,A,0,0,at_home,services,home,father,2,1,2,no,yes,no,yes,no,yes,yes,no,2,5,4,2,5,5,23,5,10,10
MS,F,17,U,GT3,T,1,0,other,services,other,mother,3,2,0,yes,no,yes,yes,no,no,yes,no,4,3,2,1,5,3,23,16,14,16
MS,M,16,U,LE3,A,0,1,other,other,course,father,3,2,0,no,yes,yes,yes,yes,yes,yes,no,5,4,5,1,3,5,25,8,12,11
GP,F,21,U,GT3,T,3,3,services,other,other,father,4,4,2,yes,yes,no,no,yes,yes,yes,no,1,1,1,3,1,1,27,9,12,10
MS,M,19,U,GT3,T,0,0,at_home,teacher,course,other,3,4,0,no,yes,yes,yes,yes,yes,yes,yes,1,5,1,4,4,4,10,10,12,14
GP,F,19,U,LE3,A,3,2,teacher,teacher,home,father,2,3,0,no,no,yes,no,yes,yes,no,no,1,3,5,2,1,5,12,15,7,13
GP,M,17,R,LE3,T,3,3,other,teacher,course,other,3,1,0,no,yes,no,no,no,yes,yes,yes,2,2,2,1,5,3,26,9,12,12
GP,M,18,U,GT3,T,2,2,services,other,other,other,2,3,0,no,yes,yes,no,no,no,no,no,4,3,2,1,3,4,7,5,4,4
GP,M,15,U,LE3,T,4,2,at_home,other,reputation,father,2,4,0,no,no,yes,yes,yes,yes,yes,yes,3,2,2,5,2,3,9,8,7,10
GP,M,18,U,GT3,T,3,0,at_home,other,course,mother,4,1,3,no,yes,no,yes,yes,no,yes,no,2,2,1,3,1,4,7,7,10,4
MS,M,17,U,LE3,A,2,3,at_home,services,course,mother,1,1,0,no,no,no,yes,no,yes,yes,yes,3,1,4,4,5,3,19,17,8,14
MS,F,19,U,LE3,T,4,4,at_home,other,home,father,1,4,0,yes,yes,no,no,no,yes,no,yes,4,1,2,2,4,5,7,15,5,9
MS,F,18,R,GT3,T,3,0,at_home,services,other,mother,4,2,0,yes,no,no,yes,yes,no,yes,no,5,3,1,1,3,5,8,14,10,14
MS,F,19,U,LE3,T,3,0,other,teacher,course,other,3,2,0,yes,yes,yes,no,yes,yes,yes,yes,1,5,1,5,2,1,6,12,17,12
MS,M,21,U,GT3,T,0,3,services,teacher,course,other,4,1,0,yes,no,yes,yes,yes,no,yes,yes,3,3,4,3,1,4,13,6,16,11
GP,F,15,U,LE3,T,0,3,at_home,teacher,course,father,2,3,1,no,no,no,yes,no,yes,yes,no,2,4,5,3,4,1,27,3,11,4
MS,M,21,U,GT3,T,4,2,health,health,course,mother,1,2,1,no,yes,yes,no,yes,no,yes,yes,3,2,5,2,2,2,1,18,7,13
MS,M,19,R,GT3,T,3,3,health,health,reputation,mother,4,3,0,no,yes,yes,no,yes,yes,no,yes,5,2,2,1,5,5,24,16,15,17
GP,F,19,U,LE3,T,1,2,services,at_home,other,other,3,2,2,yes,yes,no,yes,yes,yes,no,no,1,1,2,2,5,4,10,15,4,6
MS,F,16,U,GT3,T,0,0,teacher,at_home,home,father,4,2,1,no,yes,no,yes,yes,yes,yes,no,3,5,4,2,4,1,7,9,4,8
GP,M,16,U,LE3,T,4,1,teacher,at_home,home,mother,1,3,1,no,yes,yes,yes,yes,yes,no,no,5,1,2,5,5,1,12,10,9,8
MS,F,21,U,LE3,T,3,4,teacher,health,reputation,father,4,4,0,no,yes,no,no,no,yes,yes,no,2,4,4,3,3,2,20,4,3,0
GP,M,20,R,LE3,T,3,0,health,health,other,mother,4,2,0,no,yes,no,no,yes,yes,yes,no,4,3,1,4,4,1,14,9,12,12
MS,M,21,U,GT3,T,1,3,teacher,at_home,course,other,1,2,0,no,yes,no,yes,yes,yes,yes,yes,2,3,2,3,5,3,27,8,14,9
MS,M,16,R,GT3,T,4,4,other,at_home,reputation,other,2,3,0,yes,yes,yes,yes,yes,yes,yes,no,1,5,1,3,1,5,2,7,4,5
GP,M,19,U,LE3,T,3,1,at_home,other,other,father,2,4,0,yes,no,no,no,yes,yes,no,no,2,1,3,5,5,1,22,15,12,14
GP,M,17,R,LE3,T,0,1,health,at_home,course,other,1,2,0,no,yes,yes,yes,yes,yes,yes,no,2,1,4,4,3,1,13,6,6,4
GP,F,21,U,GT3,T,1,2,services,other,reputation,mother,4,2,2,no,yes,yes,no,yes,yes,yes,no,2,4,3,1,2,2,29,4,3,0
GP,F,19,U,LE3,T,4,4,services,services,other,other,1,4,2,no,yes,yes,no,yes,yes,yes,yes,2,3,2,4,2,3,14,12,6,5
GP,M,17,U,LE3,T,1,2,at_home,health,home,father,2,2,2,yes,yes,no,no,yes,yes,yes,no,1,1,1,1,5,1,1,8,15,9
GP,M,17,R,GT3,T,0,0,health,at_home,home,father,3,4,0,no,yes,no,no,yes,yes,yes,no,5,5,2,4,2,5,28,7,14,10
GP,F,16,R,LE3,T,4,4,teacher,health,other,father,4,4,0,no,yes,no,no,yes,yes,no,no,3,3,3,2,5,5,18,18,13,17
GP,F,21,U,GT3,T,1,0,teacher,health,home,mother,2,3,0,no,yes,no,no,no,no,no,yes,4,4,2,4,3,1,11,4,15,12
MS,M,18,R,LE3,A,2,2,other,health,other,mother,4,1,0,yes,no,no,yes,no,yes,no,yes,3,5,5,5,2,3,24,12,12,13
MS,F,15,U,GT3,T,0,4,other,services,course,mother,1,4,0,yes,yes,yes,no,yes,yes,yes,yes,3,2,3,1,1,5,19,9,17,14
GP,M,16,R,LE3,T,0,2,teacher,teacher,other,mother,3,3,0,no,no,yes,no,yes,yes,yes,no,4,4,2,3,5,5,3,8,7,7
MS,F,16,U,LE3,T,0,4,services,at_home,course,mother,1,1,0,no,no,yes,yes,no,yes,yes,yes,1,5,1,5,2,3,2,14,11,13
MS,M,18,R,GT3,T,2,2,services,teacher,reputation,other,3,2,1,yes,no,no,no,yes,yes,yes,yes,4,1,2,1,3,3,4,17,3,8
MS,F,15,R,LE3,T,2,1,other,teacher,other,mother,4,1,0,yes,no,yes,yes,no,yes,yes,no,1,2,1,1,3,1,2,17,14,16
MS,M,19,R,GT3,A,3,2,at_home,teacher,reputation,mother,4,4,1,no,yes,yes,no,no,yes,no,yes,3,4,5,3,1,4,24,13,7,7
GP,F,20,U,LE3,T,1,1,teacher,health,home,other,1,4,0,no,yes,no,yes,yes,yes,yes,no,1,1,2,2,3,2,14,11,4,10
MS,F,21,U,GT3,T,3,2,other,other,course,mother,3,4,0,no,no,no,yes,yes,yes,yes,no,5,2,5,5,3,4,18,13,11,13
GP,M,20,R,GT3,T,1,4,other,health,other,father,3,4,0,no,yes,yes,no,no,yes,yes,no,4,3,3,3,2,4,1,12,8,15
MS,F,19,U,GT3,T,2,4,teacher,health,reputation,mother,4,4,0,no,yes,yes,no,yes,no,yes,no,5,1,1,3,5,5,11,7,4,9
MS,M,16,R,GT3,T,2,4,teacher,teacher,course,mother,1,3,0,yes,no,no,no,yes,yes,yes,no,3,5,3,2,4,3,4,11,16,15
MS,F,15,R,LE3,T,3,3,services,health,course,father,3,4,0,no,no,no,no,yes,yes,no,no,4,4,1,5,3,5,21,11,5,9
GP,M,16,U,LE3,T,4,0,at_home,teacher,home,father,4,3,0,no,no,no,yes,yes,no,yes,yes,3,2,5,3,3,2,16,15,16,15
MS,F,17,R,GT3,T,3,4,at_home,other,home,father,2,2,0,no,no,no,yes,yes,yes,no,yes,5,1,4,2,4,1,13,3,10,9
GP,M,16,U,GT3,T,1,1,teacher,at_home,course,father,1,4,0,no,no,yes,yes,no,yes,yes,yes,3,3,2,5,3,2,27,7,3,6
MS,F,16,R,GT3,T,3,4,health,teacher,course,mother,2,4,2,yes,yes,yes,no,no,yes,yes,no,4,4,5,4,2,5,26,11,14,12
GP,M,19,R,LE3,T,0,3,other,other,other,father,1,1,0,yes,no,no,yes,yes,no,yes,no,4,4,1,1,2,5,21,9,5,8
MS,F,19,U,LE3,T,1,1,other,at_home,course,father,4,2,1,no,yes,yes,no,yes,no,no,no,3,1,1,2,4,5,9,18,15,16
GP,M,19,U,LE3,T,1,3,teacher,services,other,other,3,4,0,yes,yes,yes,no,yes,yes,no,no,4,3,1,1,3,5,2,8,12,12
GP,M,20,R,LE3,T,4,1,health,teacher,course,father,3,4,2,yes,no,no,yes,yes,yes,yes,yes,4,2,1,4,3,4,3,8,3,2
MS,M,17,U,GT3,T,2,2,services,teacher,home,father,3,2,1,no,yes,yes,no,yes,yes,yes,no,3,1,2,3,5,1,5,13,13,11
GP,F,19,U,GT3,T,1,0,teacher,services,other,other,1,3,0,no,yes,yes,yes,no,yes,yes,no,5,2,3,3,3,4,23,9,13,10
MS,M,15,U,GT3,A,2,0,teacher,services,reputation,other,4,4,0,no,yes,yes,no,no,yes,yes,yes,4,4,4,5,2,5,24,3,10,9
MS,F,20,U,LE3,T,3,3,other,teacher,home,mother,2,1,2,no,no,no,yes,yes,no,no,no,4,2,2,2,1,3,21,6,3,0
MS,M,18,U,LE3,T,0,0,teacher,services,other,other,4,4,0,no,yes,no,no,yes,yes,yes,yes,4,3,1,2,1,4,15,15,15,15
MS,F,15,U,LE3,T,4,3,teacher,health,other,mother,2,1,0,no,no,yes,yes,yes,yes,yes,no,4,5,2,5,1,5,6,17,7,13
MS,M,21,U,GT3,T,2,3,teacher,at_home,reputation,other,1,1,0,no,yes,no,yes,yes,yes,yes,no,3,3,5,1,1,5,14,3,6,4
MS,F,21,U,GT3,T,1,3,other,at_home,other,other,1,4,1,no,no,no,no,yes,yes,yes,yes,5,2,1,3,3,1,29,8,9,8
MS,F,15,U,LE3,T,2,0,services,at_home,course,mother,2,4,1,no,no,no,no,yes,yes,yes,no,5,1,4,3,3,2,20,16,16,15
MS,M,19,U,GT3,A,1,3,services,health,reputation,other,2,1,0,no,yes,yes,yes,no,yes,yes,yes,1,4,1,2,5,4,29,15,7,8
MS,F,18,U,LE3,T,2,0,teacher,services,home,mother,2,2,0,no,yes,yes,no,yes,no,yes,no,4,5,4,2,3,4,27,6,10,7
MS,F,18,U,LE3,T,1,3,other,other,home,other,4,2,0,no,yes,no,no,yes,no,yes,no,4,1,4,5,1,4,24,3,14,11
MS,M,20,U,GT3,T,3,4,services,services,course,father,2,4,0,no,no,yes,no,no,yes,yes,yes,1,1,3,4,4,5,19,11,16,14
GP,F,18,U,LE3,A,1,3,services,teacher,home,other,1,3,3,yes,no,yes,yes,yes,no,no,no,5,3,3,1,4,1,25,14,13,7
GP,F,21,R,GT3,T,1,1,services,at_home,other,mother,1,2,0,no,no,yes,yes,yes,yes,yes,no,2,2,2,4,2,5,10,6,3,4
MS,F,17,U,LE3,A,0,3,other,services,other,other,3,4,0,yes,yes,yes,no,yes,yes,yes,no,2,3,2,4,2,5,21,14,7,12
MS,M,19,R,GT3,T,1,2,other,other,course,mother,2,2,0,no,no,yes,no,yes,yes,yes,yes,5,2,4,2,3,3,20,8,6,8
MS,F,18,R,GT3,A,0,3,teacher,teacher,home,mother,4,3,1,no,no,no,yes,no,yes,yes,no,4,3,1,2,4,1,0,15,5,9
MS,M,20,U,GT3,T,4,1,at_home,health,home,father,4,4,0,no,no,yes,no,yes,no,yes,no,2,1,5,2,1,4,4,9,7,8
MS,F,21,R,LE3,A,0,1,services,health,course,father,4,3,0,no,no,yes,yes,no,yes,yes,yes,3,4,5,4,1,2,12,10,12,10
MS,F,17,R,LE3,T,3,0,at_home,other,reputation,mother,3,4,0,no,yes,yes,no,yes,yes,yes,yes,3,2,1,1,1,4,20,14,17,17
MS,F,16,U,GT3,A,0,4,other,teacher,home,other,1,3,0,no,yes,no,no,yes,yes,no,yes,1,5,1,2,3,5,13,15,5,12
MS,M,16,U,GT3,T,4,3,other,at_home,reputation,mother,4,2,0,no,no,no,no,no,yes,yes,no,5,5,3,3,3,1,8,13,18,18
GP,F,17,R,LE3,T,3,0,other,services,home,mother,1,2,0,no,no,no,yes,yes,yes,yes,yes,5,1,5,1,5,1,16,11,10,9
MS,F,21,R,LE3,T,2,4,at_home,teacher,home,other,3,3,0,yes,yes,yes,yes,yes,yes,yes,no,2,3,4,3,1,1,14,11,15,16
GP,M,20,U,LE3,T,2,3,other,health,home,other,2,3,2,yes,yes,no,yes,yes,yes,yes,no,4,3,2,1,1,3,20,10,18,12
MS,F,17,R,GT3,T,0,2,teacher,other,home,other,2,3,1,yes,yes,no,yes,yes,yes,yes,no,5,1,3,2,3,4,6,18,5,11
MS,M,19,R,LE3,T,0,3,other,other,other,other,2,4,3,no,yes,no,no,yes,yes,no,no,2,5,5,5,3,3,26,12,3,6
GP,M,19,R,LE3,T,4,1,health,services,reputation,mother,4,2,0,no,yes,no,no,yes,yes,yes,no,2,5,1,2,5,2,21,13,11,12
MS,F,16,R,GT3,T,4,1,at_home,other,reputation,mother,2,4,3,no,no,yes,yes,yes,yes,yes,no,5,3,5,4,5,5,21,17,17,10
GP,M,18,R,LE3,A,1,2,health,other,home,father,4,2,0,yes,no,no,no,yes,yes,yes,yes,2,2,4,4,2,3,11,18,11,16
MS,F,20,U,LE3,T,4,0,other,teacher,home,mother,3,1,0,yes,yes,no,no,no,yes,yes,yes,1,4,3,1,4,3,22,14,8,12
MS,M,16,U,LE3,A,1,4,teacher,at_home,reputation,other,3,4,0,no,yes,yes,yes,yes,yes,yes,no,1,2,1,4,1,5,5,14,12,14
GP,M,18,U,GT3,T,3,3,services,services,other,father,4,2,0,yes,yes,yes,no,no,yes,yes,yes,5,5,4,2,1,1,20,17,3,12
MS,F,18,R,GT3,T,0,1,other,teacher,course,other,1,2,0,no,yes,no,no,yes,no,yes,no,4,2,2,3,5,5,15,16,10,15
GP,M,19,U,GT3,T,3,0,teacher,at_home,course,mother,2,4,0,no,no,yes,yes,yes,yes,yes,no,1,4,3,2,5,4,25,5,4,3
MS,M,21,U,GT3,T,4,2,at_home,teacher,reputation,father,2,4,0,no,no,no,no,no,yes,yes,yes,1,2,4,1,2,5,4,14,11,14
GP,M,15,U,GT3,T,3,1,health,teacher,home,other,2,2,0,yes,yes,yes,no,yes,no,no,no,5,2,4,4,4,1,8,18,16,14
GP,M,21,U,GT3,T,3,2,health,other,home,father,4,4,0,yes,no,yes,no,no,yes,yes,no,3,2,1,3,2,5,13,4,10,8
MS,M,15,R,GT3,T,3,3,health,at_home,other,father,3,3,0,yes,no,no,yes,yes,yes,no,no,2,2,2,5,4,3,7,7,5,6
MS,F,17,R,LE3,T,4,4,at_home,services,course,mother,2,4,0,no,no,yes,yes,yes,yes,no,no,1,1,4,3,1,2,13,3,15,11
GP,M,19,U,LE3,A,3,1,teacher,services,other,other,3,4,1,no,yes,no,no,yes,no,yes,no,3,5,3,3,2,3,11,5,7,4
MS,F,18,U,GT3,A,1,1,at_home,at_home,course,father,2,4,1,yes,no,yes,no,yes,no,yes,yes,4,4,4,2,5,2,9,3,11,6
MS,M,20,U,LE3,T,4,3,health,other,reputation,father,2,2,0,no,yes,no,no,no,yes,yes,no,3,5,5,5,2,5,29,15,15,11
MS,F,15,U,LE3,T,3,0,other,health,course,other,4,3,0,no,yes,yes,yes,yes,yes,yes,no,5,1,3,1,2,4,19,5,3,6
GP,F,21,U,GT3,T,4,4,services,teacher,other,father,1,1,0,yes,yes,yes,yes,no,yes,yes,no,4,1,3,1,1,5,19,18,11,15
GP,M,18,U,LE3,T,2,1,at_home,other,other,father,4,1,1,no,yes,yes,yes,no,no,no,yes,4,1,4,3,5,1,25,15,18,15
GP,M,15,U,LE3,T,1,4,at_home,at_home,other,father,2,3,0,no,yes,yes,no,yes,no,no,yes,3,1,1,3,5,5,20,6,17,10
GP,M,15,U,LE3,T,3,1,teacher,teacher,reputation,other,2,3,0,yes,yes,yes,no,yes,yes,yes,no,5,2,3,4,3,2,12,9,6,9
GP,F,15,U,LE3,T,2,4,teacher,services,course,other,1,3,0,no,yes,no,no,no,yes,yes,no,1,5,5,5,3,3,28,14,6,13
GP,M,20,U,LE3,A,2,2,at_home,health,course,other,3,2,0,no,no,yes,no,no,yes,yes,yes,3,3,1,3,3,4,18,18,17,18
GP,F,19,U,GT3,T,4,1,health,services,other,other,3,1,0,no,no,no,no,yes,yes,no,no,1,4,1,4,1,5,14,17,6,13
GP,F,20,U,GT3,T,2,4,services,at_home,course,mother,2,3,1,no,yes,no,yes,yes,yes,yes,no,3,1,1,5,2,5,7,14,12,11
GP,F,16,R,GT3,T,1,0,teacher,teacher,home,father,3,2,0,no,no,no,no,yes,yes,yes,no,1,5,3,1,5,3,22,7,14,11
MS,M,18,U,LE3,T,1,2,health,at_home,home,other,2,1,0,no,no,yes,no,yes,yes,yes,yes,3,1,1,4,5,4,20,7,11,7
GP,M,19,U,GT3,T,0,2,other,teacher,home,father,1,4,1,no,no,no,no,yes,yes,yes,yes,4,1,4,5,2,5,9,15,16,16
MS,F,19,R,LE3,A,1,0,teacher,other,course,father,1,2,1,no,yes,yes,yes,no,no,no,yes,2,1,1,4,5,5,2,3,8,5
MS,F,19,U,LE3,T,2,4,health,health,reputation,mother,2,1,0,no,no,no,no,yes,yes,yes,no,4,1,5,3,2,2,20,10,13,10
MS,M,21,R,LE3,A,1,3,health,other,reputation,other,1,2,0,yes,no,no,yes,yes,yes,yes,no,1,1,2,2,1,2,2,15,10,12
GP,F,19,U,LE3,T,4,0,services,other,reputation,other,4,1,0,no,no,no,yes,yes,yes,no,no,5,4,5,1,1,1,25,6,14,10
GP,M,20,R,GT3,T,0,4,services,at_home,reputation,father,4,1,2,no,yes,no,yes,yes,no,yes,no,4,5,3,3,1,3,4,12,16,13
GP,F,19,R,GT3,T,2,0,other,health,home,other,1,4,0,no,yes,no,yes,yes,yes,yes,no,2,1,1,3,2,4,15,18,6,15
GP,M,17,R,LE3,T,0,0,health,teacher,home,father,2,2,2,no,no,yes,yes,yes,yes,yes,no,1,1,1,5,2,5,16,7,18,10
MS,F,18,R,GT3,A,2,1,health,teacher,other,father,2,3,0,yes,yes,no,no,yes,yes,yes,no,4,1,4,4,4,5,5,4,5,3
GP,M,19,U,LE3,A,4,4,services,services,course,mother,1,4,0,no,yes,no,no,yes,yes,yes,yes,3,1,1,1,5,1,25,17,16,18
GP,F,18,U,GT3,T,0,3,teacher,teacher,course,mother,3,4,0,yes,yes,yes,yes,yes,yes,yes,yes,5,2,5,3,5,5,19,14,3,12
GP,M,17,R,GT3,T,3,1,teacher,at_home,reputation,mother,4,1,0,no,no,yes,yes,no,yes,yes,no,1,2,3,5,4,3,19,15,12,11
GP,M,17,U,LE3,T,2,0,at_home,other,home,father,3,3,0,no,no,yes,yes,yes,no,yes,no,4,3,2,1,4,1,15,3,17,9
GP,F,18,R,GT3,A,3,0,services,other,reputation,other,2,2,0,no,yes,no,no,yes,yes,no,yes,1,1,1,4,1,3,23,11,17,16
MS,F,15,U,LE3,T,0,0,at_home,other,other,mother,2,3,0,no,no,no,no,yes,yes,no,no,3,3,2,3,4,1,1,17,9,14
GP,M,16,U,GT3,T,3,4,services,health,course,other,3,3,3,no,yes,no,yes,no,yes,yes,no,2,4,1,3,2,5,19,4,6,1
MS,F,21,U,LE3,T,3,4,other,teacher,course,mother,1,3,0,no,no,no,no,yes,yes,yes,yes,4,3,3,3,3,1,14,8,16,13
GP,M,15,U,LE3,T,0,1,health,at_home,reputation,mother,3,3,1,no,no,no,no,yes,yes,yes,yes,1,5,5,1,2,2,17,3,10,7
MS,F,15,U,GT3,T,4,3,other,health,other,father,3,3,0,no,no,no,yes,no,yes,yes,yes,1,2,3,1,4,4,0,18,18,19
GP,M,20,U,GT3,T,3,1,services,services,course,mother,4,1,0,no,no,yes,yes,yes,yes,no,no,1,2,2,1,5,5,25,3,16,10
GP,M,21,U,LE3,A,3,2,health,at_home,other,mother,4,1,0,yes,yes,yes,no,yes,yes,yes,yes,2,1,1,1,2,4,28,11,5,9
MS,M,21,U,GT3,T,4,0,teacher,at_home,other,father,3,4,0,yes,no,no,no,yes,yes,yes,no,1,1,2,5,5,5,28,6,3,5
MS,M,15,U,GT3,T,3,0,teacher,at_home,reputation,other,3,1,2,no,yes,no,no,yes,yes,yes,no,5,4,5,2,2,4,18,11,7,8
MS,M,19,R,LE3,A,3,0,at_home,other,home,mother,2,4,0,no,no,no,yes,yes,yes,yes,no,5,4,3,5,5,2,11,13,16,19
GP,M,20,U,LE3,T,3,1,services,at_home,reputation,father,4,4,0,no,no,no,yes,no,no,yes,yes,1,5,2,3,2,4,7,7,4,5
MS,F,20,U,GT3,A,1,1,services,teacher,home,mother,4,2,0,yes,no,no,yes,yes,yes,yes,no,5,1,2,5,5,1,5,9,5,6
GP,F,17,U,LE3,T,4,0,teacher,at_home,other,father,2,3,0,no,yes,yes,no,no,yes,no,no,4,1,5,4,3,4,11,3,16,11
GP,F,21,R,LE3,T,3,1,other,other,home,other,1,1,0,no,no,yes,no,yes,yes,no,no,5,4,1,1,1,5,6,8,8,6
MS,M,15,U,LE3,A,4,4,health,at_home,other,other,4,2,1,yes,yes,no,yes,no,yes,yes,no,1,4,2,4,2,3,17,10,5,5
MS,M,17,R,GT3,T,2,4,other,services,course,father,4,1,1,no,yes,yes,no,yes,yes,yes,yes,3,4,5,4,3,4,21,16,5,6
GP,M,18,R,GT3,T,2,1,other,services,course,father,1,4,0,no,no,no,yes,yes,no,no,no,4,2,1,3,1,4,13,3,14,9
GP,M,16,U,LE3,T,3,0,teacher,other,course,father,4,1,0,no,yes,no,no,yes,yes,yes,no,2,3,1,1,2,4,7,11,8,10
MS,F,20,U,GT3,T,4,1,teacher,teacher,reputation,other,4,3,0,no,no,no,yes,no,yes,yes,no,1,3,3,4,3,5,23,5,7,6
MS,F,18,U,LE3,T,4,1,teacher,teacher,reputation,mother,1,4,0,no,yes,yes,no,yes,yes,yes,no,2,1,5,3,3,4,19,3,12,11
MS,M,18,U,GT3,T,4,1,at_home,health,other,other,1,4,0,yes,yes,yes,no,yes,yes,no,no,3,2,1,1,3,5,21,3,11,10
GP,F,19,U,LE3,A,1,2,other,other,course,father,3,2,0,no,no,no,yes,yes,yes,yes,yes,2,4,3,2,4,5,13,15,3,12
GP,F,16,R,LE3,T,2,4,services,at_home,reputation,father,2,3,0,no,yes,yes,yes,yes,yes,yes,no,1,1,4,3,5,3,4,16,15,16
GP,M,18,U,GT3,T,4,3,health,other,course,other,2,4,0,no,yes,yes,yes,yes,yes,no,no,1,2,5,5,1,1,8,13,18,18
GP,F,18,U,LE3,T,4,3,at_home,health,reputation,father,1,3,0,no,no,no,yes,yes,no,no,no,3,5,4,1,5,5,7,8,5,8
GP,M,16,U,GT3,T,1,2,services,other,home,other,1,1,0,no,yes,yes,yes,yes,yes,no,yes,1,2,1,4,5,2,1,13,5,10
GP,F,16,R,GT3,T,1,1,other,other,home,father,4,3,0,no,no,yes,no,yes,yes,yes,no,3,1,5,4,5,4,27,8,18,13
MS,M,18,U,LE3,A,4,2,teacher,health,course,mother,3,4,0,yes,yes,no,yes,yes,yes,yes,no,3,3,3,5,3,2,15,3,13,6
GP,M,16,U,LE3,T,0,2,other,teacher,other,mother,3,2,1,no,no,no,yes,yes,yes,yes,yes,1,4,1,5,5,4,12,16,18,17
GP,M,18,R,GT3,T,4,0,health,at_home,reputation,father,1,4,0,no,no,yes,yes,no,yes,no,no,5,5,5,4,4,3,6,16,8,15
GP,M,18,R,LE3,T,4,4,at_home,health,reputation,other,4,3,0,no,no,no,yes,yes,yes,yes,no,3,2,5,1,2,5,15,5,10,6
MS,F,19,U,LE3,T,1,3,at_home,services,home,mother,4,3,0,no,yes,yes,yes,yes,no,yes,no,1,1,4,3,3,1,6,9,5,8
GP,M,15,U,LE3,T,1,1,health,teacher,home,other,2,4,2,yes,no,no,no,yes,no,no,no,5,1,1,5,1,5,26,12,5,8
GP,M,18,R,LE3,T,4,3,services,services,other,father,2,3,0,no,no,no,yes,no,no,yes,no,3,4,3,5,2,4,13,5,8,7
MS,M,17,U,LE3,A,4,3,services,teacher,other,other,4,1,0,no,no,no,yes,no,yes,yes,yes,5,1,3,5,2,1,13,5,10,10
GP,F,20,U,GT3,T,4,4,at_home,at_home,other,mother,2,4,0,no,yes,no,yes,no,yes,yes,no,4,1,1,2,2,5,11,5,8,7
GP,M,21,U,GT3,T,1,3,at_home,at_home,course,other,1,2,1,no,no,yes,no,yes,yes,yes,no,4,4,1,1,5,1,0,14,15,13
GP,F,15,U,LE3,T,4,3,teacher,other,home,other,4,4,3,no,no,no,no,yes,yes,yes,no,5,5,2,1,5,4,0,9,14,10
GP,M,15,R,LE3,T,4,2,services,services,course,father,2,1,0,yes,yes,no,yes,yes,yes,yes,no,3,3,4,1,3,3,11,6,16,10
GP,F,15,R,LE3,T,3,4,health,teacher,home,father,3,1,2,no,yes,no,yes,yes,yes,yes,no,1,3,1,1,5,3,19,6,12,5
MS,F,19,U,GT3,T,0,0,services,at_home,home,father,4,1,2,yes,no,yes,no,yes,yes,yes,yes,2,2,1,1,5,5,20,5,5,1
MS,M,18,U,LE3,T,2,1,teacher,health,reputation,mother,4,1,2,no,yes,yes,no,no,yes,yes,no,1,5,2,4,5,2,14,12,6,5
MS,F,19,U,GT3,T,0,3,at_home,at_home,home,mother,3,1,0,yes,no,no,no,no,yes,yes,yes,2,2,2,5,3,4,3,13,3,9
GP,M,18,U,GT3,T,3,1,at_home,health,home,father,1,2,0,yes,no,no,yes,no,yes,no,yes,2,3,5,4,3,5,6,11,15,13
GP,M,19,R,GT3,T,2,0,teacher,teacher,course,father,3,3,0,no,no,no,yes,yes,yes,yes,yes,3,4,3,2,4,5,15,4,10,9
GP,M,19,U,LE3,A,4,1,health,at_home,home,mother,4,1,1,no,yes,no,no,yes,yes,yes,no,5,1,4,3,4,3,2,6,6,2
MS,F,20,U,GT3,A,3,0,at_home,at_home,course,mother,1,1,0,no,yes,no,yes,yes,yes,no,yes,1,3,5,5,4,1,6,10,8,8
GP,F,17,U,LE3,T,4,2,other,teacher,other,mother,2,4,0,no,no,no,no,yes,yes,yes,yes,5,5,1,2,4,4,28,8,13,12
GP,M,19,U,GT3,A,1,3,at_home,at_home,home,mother,2,2,0,no,yes,yes,no,no,yes,no,yes,4,3,2,4,2,1,23,16,5,13
MS,M,20,U,LE3,T,3,0,other,health,home,father,2,2,1,no,no,no,no,yes,yes,no,yes,3,5,3,3,2,4,21,9,13,11
GP,F,16,R,GT3,T,1,1,teacher,at_home,course,mother,4,3,1,no,yes,no,yes,yes,yes,yes,no,3,5,5,2,4,2,5,18,14,15
MS,M,17,U,LE3,T,3,3,teacher,services,other,father,3,2,0,yes,yes,no,no,yes,yes,no,no,4,5,3,3,4,3,15,15,13,12
MS,M,19,R,GT3,T,3,2,at_home,other,reputation,other,1,4,1,no,yes,no,no,yes,yes,yes,yes,1,2,2,2,1,2,23,9,8,7
MS,M,21,U,LE3,T,1,3,services,health,other,other,2,4,0,no,yes,no,yes,no,yes,yes,no,4,4,5,4,2,5,7,4,18,12
GP,F,15,U,LE3,A,2,0,other,services,course,mother,1,3,1,no,no,no,no,yes,yes,yes,no,1,3,5,3,1,3,22,6,14,6
GP,F,16,U,LE3,T,0,2,health,teacher,other,other,4,4,0,yes,yes,yes,yes,no,yes,yes,no,2,4,3,2,1,5,21,12,13,12
GP,F,16,R,LE3,T,4,1,at_home,health,course,other,2,1,0,yes,yes,yes,no,yes,no,no,yes,3,1,2,4,5,2,5,12,11,11
GP,M,20,R,GT3,T,3,2,health,other,course,other,4,1,2,yes,yes,yes,yes,yes,yes,yes,no,1,3,1,5,3,4,9,8,11,6
GP,M,16,U,GT3,A,4,2,at_home,other,reputation,mother,3,4,0,no,yes,yes,no,no,yes,yes,yes,5,4,5,4,2,5,15,5,12,10
GP,M,17,U,LE3,T,1,4,services,teacher,home,mother,4,3,1,no,yes,yes,no,yes,yes,yes,yes,5,4,1,4,4,1,10,11,5,6
GP,F,19,R,GT3,T,4,2,services,teacher,course,other,4,2,0,yes,no,yes,no,no,yes,yes,yes,3,1,2,5,4,4,12,15,5,11
MS,M,19,U,LE3,T,1,2,services,health,course,father,3,3,0,no,yes,no,no,yes,yes,yes,no,4,5,5,4,3,4,28,6,6,7
GP,M,21,U,LE3,T,4,3,services,at_home,reputation,other,1,2,0,no,yes,no,no,yes,yes,yes,yes,4,3,5,5,2,2,5,12,14,13
MS,M,15,R,GT3,A,0,1,teacher,teacher,course,mother,3,4,0,no,yes,no,yes,yes,no,no,yes,1,3,1,5,4,2,23,15,9,14
GP,M,20,U,LE3,A,0,3,teacher,at_home,home,mother,3,4,0,no,no,no,yes,no,yes,yes,yes,4,1,4,5,4,3,0,4,18,13
GP,F,15,U,LE3,T,0,3,other,services,reputation,mother,4,1,0,yes,yes,no,no,yes,yes,no,no,3,5,1,2,5,3,20,18,5,10
GP,F,16,U,GT3,A,0,0,health,other,home,other,1,2,0,no,yes,no,no,no,yes,yes,no,1,3,1,3,1,1,18,8,12,11
MS,M,21,U,LE3,T,0,3,at_home,at_home,home,father,2,3,0,no,no,yes,no,yes,no,no,yes,2,3,4,2,4,4,11,3,10,9
MS,F,15,U,LE3,A,0,4,at_home,other,reputation,mother,3,4,3,no,yes,no,yes,yes,yes,yes,no,4,3,2,5,2,1,23,8,13,9
MS,F,17,R,LE3,T,1,4,teacher,at_home,course,mother,1,3,3,no,yes,yes,yes,yes,yes,yes,no,4,5,2,3,3,1,26,15,10,9
MS,M,19,U,LE3,T,3,0,at_home,services,home,other,3,1,0,yes,yes,yes,no,yes,yes,yes,no,1,1,5,3,5,2,5,14,8,11
GP,M,16,U,GT3,T,4,1,teacher,teacher,home,father,3,2,1,no,no,no,yes,yes,yes,no,yes,5,3,3,5,2,1,29,12,6,9
MS,F,21,U,GT3,T,0,1,other,services,home,other,3,2,0,yes,yes,no,no,no,yes,yes,no,4,4,3,3,5,1,17,3,13,10
GP,M,15,U,GT3,T,1,3,health,teacher,home,mother,3,4,0,no,no,no,no,yes,yes,no,yes,3,5,5,3,1,5,12,18,18,19
GP,F,20,R,LE3,T,1,3,other,teacher,reputation,father,4,2,1,no,no,no,no,yes,yes,yes,no,4,2,3,2,4,3,6,16,14,14
MS,M,17,U,LE3,T,1,3,services,other,reputation,father,1,4,2,yes,yes,no,yes,yes,yes,yes,yes,2,1,1,3,2,3,22,10,13,9
MS,F,17,U,GT3,T,3,1,services,services,other,mother,1,1,0,no,yes,no,no,yes,no,yes,no,4,4,1,5,3,4,12,7,7,5
MS,M,15,R,LE3,T,4,2,services,at_home,other,father,1,2,1,yes,yes,no,no,yes,yes,no,no,5,3,4,1,1,3,20,8,14,10
MS,F,19,U,LE3,T,3,4,other,services,home,father,3,4,0,no,no,yes,no,yes,no,yes,no,4,2,4,1,1,4,7,4,18,11
MS,F,15,U,LE3,A,2,2,at_home,other,course,other,4,3,3,no,yes,no,yes,yes,yes,no,yes,1,1,5,1,5,5,29,4,4,0
MS,F,16,U,LE3,T,1,2,health,teacher,home,mother,3,4,0,no,yes,no,yes,yes,yes,no,no,4,5,5,5,1,3,20,18,15,20
MS,M,15,U,GT3,T,2,1,services,other,course,mother,3,2,0,no,yes,yes,yes,yes,yes,yes,yes,5,2,5,1,2,5,16,14,8,13
MS,F,17,U,GT3,T,0,2,services,health,home,mother,1,1,0,no,no,no,no,yes,yes,yes,no,1,2,1,2,5,3,8,11,5,6
GP,F,21,U,GT3,A,0,0,services,health,other,mother,3,2,0,no,yes,no,yes,yes,yes,yes,no,3,4,3,5,1,3,19,5,17,10
MS,M,15,R,LE3,T,3,3,health,at_home,other,mother,2,2,0,no,no,yes,no,yes,yes,yes,no,1,1,5,5,3,5,12,8,8,8
MS,M,19,U,GT3,T,4,0,services,other,course,father,3,4,2,no,yes,no,yes,yes,yes,no,no,2,4,5,5,2,1,1,12,14,10
GP,F,21,U,GT3,A,2,4,health,at_home,home,other,2,3,0,yes,yes,no,no,no,yes,yes,no,1,4,1,3,3,1,3,7,7,8
MS,F,20,U,LE3,A,4,3,services,at_home,course,mother,3,2,0,no,yes,no,yes,no,yes,yes,no,3,3,1,3,3,1,29,16,16,15
GP,M,18,U,LE3,T,3,2,other,health,other,other,4,3,0,yes,yes,no,no,no,yes,no,no,4,5,1,3,5,1,28,14,4,11
GP,M,15,R,GT3,T,0,4,other,at_home,home,other,4,4,0,no,yes,no,yes,yes,yes,yes,yes,1,2,3,4,4,3,24,6,17,13
MS,M,19,U,GT3,T,4,3,health,health,home,father,1,3,0,yes,yes,no,yes,no,yes,yes,no,1,1,5,2,5,2,1,12,14,13
GP,M,21,U,GT3,A,4,2,other,teacher,course,mother,3,4,0,yes,no,yes,yes,no,no,yes,no,1,5,2,5,2,5,3,4,15,11
GP,M,19,R,GT3,T,0,0,health,other,reputation,father,2,1,0,no,no,no,no,no,yes,yes,no,1,5,2,5,2,2,17,10,16,13
GP,F,20,U,LE3,T,2,3,other,at_home,course,mother,2,3,0,no,no,no,yes,yes,yes,yes,yes,3,1,5,3,5,2,4,12,7,7
GP,M,17,U,GT3,A,0,2,other,health,other,father,3,3,0,no,yes,yes,yes,yes,yes,no,no,5,5,5,5,4,4,18,18,7,13
MS,F,19,U,GT3,T,4,0,health,services,other,other,2,1,1,yes,yes,yes,yes,no,yes,yes,no,5,3,5,5,5,1,9,9,16,11
GP,F,21,U,LE3,T,2,4,at_home,at_home,other,mother,4,3,2,no,yes,no,yes,yes,no,yes,no,1,5,5,1,2,3,17,13,11,8
MS,F,19,R,GT3,T,2,4,other,teacher,other,other,2,1,0,no,no,yes,no,yes,yes,yes,no,3,3,3,5,4,1,29,4,13,10
GP,M,19,U,LE3,T,0,4,services,teacher,other,other,1,2,0,no,no,no,yes,yes,yes,yes,no,3,2,2,4,2,1,24,8,10,11
GP,F,19,U,LE3,T,4,4,at_home,services,reputation,father,4,4,0,yes,yes,no,no,yes,yes,yes,no,1,2,4,3,4,2,20,16,14,20
GP,F,16,U,LE3,T,3,1,health,health,home,mother,4,1,0,no,yes,yes,no,yes,yes,no,yes,2,4,2,2,4,4,9,10,14,14
GP,M,16,R,GT3,T,4,3,at_home,at_home,course,other,4,3,0,yes,yes,no,no,yes,no,yes,yes,1,3,2,2,5,1,4,9,9,9
MS,F,17,U,GT3,T,1,3,teacher,health,course,father,3,1,0,no,yes,no,no,yes,yes,yes,no,2,2,1,1,5,5,16,17,17,16
MS,F,15,R,LE3,A,3,1,teacher,teacher,other,mother,3,3,0,no,yes,yes,yes,yes,yes,yes,no,1,5,5,2,5,5,21,3,17,10
GP,M,19,U,GT3,T,2,2,other,health,course,mother,4,2,0,no,no,yes,no,yes,yes,yes,no,2,1,5,2,4,1,12,7,14,10
GP,F,20,R,GT3,A,3,2,other,teacher,other,other,3,1,0,no,no,yes,no,yes,yes,yes,no,2,1,5,3,4,2,22,4,15,10
MS,F,15,R,LE3,T,2,4,services,health,reputation,mother,2,2,1,no,yes,yes,no,yes,yes,yes,yes,1,3,1,3,2,2,16,18,17,14
GP,F,20,R,LE3,A,2,0,at_home,services,reputation,other,3,4,3,no,yes,no,no,yes,yes,yes,no,2,4,3,4,3,3,8,8,16,10
GP,M,15,R,GT3,T,3,2,teacher,other,home,mother,3,3,0,no,no,yes,yes,no,yes,yes,yes,4,5,3,1,5,4,23,9,5,8
GP,M,17,U,LE3,T,2,0,other,services,reputation,father,4,3,0,no,yes,yes,yes,yes,no,yes,yes,5,3,4,2,2,2,11,16,12,16
MS,M,19,U,GT3,T,2,3,at_home,services,reputation,other,1,2,2,no,yes,yes,no,yes,yes,yes,no,3,1,3,4,2,3,13,16,6,7
MS,F,19,U,GT3,A,1,0,other,other,home,other,1,4,2,no,yes,yes,no,yes,yes,no,yes,2,3,3,1,1,5,13,9,8,7
MS,F,18,U,GT3,T,4,3,other,other,course,mother,1,1,0,no,yes,yes,no,no,yes,yes,no,2,5,5,2,5,5,7,5,5,7
GP,M,20,U,GT3,T,4,1,teacher,at_home,other,mother,2,1,0,no,yes,no,yes,yes,no,yes,no,3,2,2,2,2,5,22,9,13,10
GP,F,15,U,LE3,T,1,1,teacher,at_home,other,other,3,3,0,no,no,yes,yes,yes,yes,yes,no,2,5,3,3,1,1,4,17,11,14
MS,F,15,U,LE3,A,3,4,other,services,course,mother,1,2,0,no,yes,no,yes,yes,yes,yes,yes,3,2,3,5,5,4,18,7,10,10
MS,M,16,U,LE3,T,0,2,health,services,home,father,4,2,0,yes,yes,yes,yes,yes,yes,yes,yes,1,2,1,1,4,3,27,10,8,8
MS,M,18,R,LE3,T,0,4,other,teacher,course,mother,1,1,0,no,no,yes,yes,no,yes,yes,yes,4,2,4,2,1,4,13,18,6,12
MS,F,21,U,GT3,T,0,3,other,teacher,reputation,father,1,4,0,no,yes,yes,no,no,yes,yes,no,4,3,1,1,4,1,8,17,9,16
GP,F,21,R,GT3,A,1,4,services,at_home,home,father,3,4,0,yes,no,yes,yes,yes,yes,yes,no,5,1,5,4,3,3,29,14,15,14
MS,F,16,R,LE3,T,1,0,services,at_home,home,father,3,1,1,yes,no,yes,yes,yes,yes,yes,no,2,3,2,4,3,3,6,18,17,19
GP,M,16,R,GT3,T,2,3,services,teacher,home,father,3,1,0,no,yes,yes,no,yes,yes,yes,yes,5,1,4,5,3,2,26,18,13,15
MS,M,16,U,GT3,T,0,1,health,teacher,other,father,2,2,0,no,no,yes,yes,yes,yes,yes,no,1,5,1,2,3,4,25,10,5,6
GP,M,20,R,GT3,T,3,2,health,health,course,mother,2,4,0,no,yes,yes,yes,yes,no,yes,yes,4,4,3,3,2,4,25,9,12,13
MS,M,20,R,LE3,T,3,3,other,health,home,father,1,1,0,yes,no,no,yes,yes,no,yes,yes,1,5,3,2,3,2,7,8,17,13
MS,F,17,R,LE3,T,0,3,services,teacher,home,mother,3,1,3,no,yes,yes,no,yes,yes,yes,no,1,3,4,1,2,5,13,4,10,3
MS,M,17,U,LE3,T,0,0,health,health,home,father,1,3,0,yes,no,no,yes,yes,yes,yes,no,2,3,3,4,2,1,21,8,18,13
MS,M,16,U,GT3,T,0,2,teacher,other,course,other,4,1,0,no,no,yes,no,no,yes,yes,yes,1,1,1,1,5,4,27,15,3,9
GP,M,18,U,LE3,T,1,1,other,at_home,other,father,4,1,1,yes,yes,no,no,yes,yes,no,yes,4,3,1,5,2,2,13,14,18,12
MS,M,15,U,LE3,T,1,3,at_home,at_home,reputation,other,3,4,0,yes,yes,yes,yes,no,yes,yes,no,5,2,3,4,2,3,10,17,5,13
GP,M,20,U,LE3,T,1,3,other,teacher,other,father,3,2,2,yes,no,yes,yes,no,yes,yes,yes,4,3,3,3,3,2,13,13,13,13
GP,F,18,R,LE3,T,4,0,at_home,services,home,father,4,4,0,no,no,yes,yes,yes,yes,yes,yes,2,1,5,4,2,5,20,11,18,13
GP,F,19,R,LE3,T,3,4,services,teacher,other,father,3,2,0,yes,yes,no,yes,no,yes,no,no,4,1,2,2,4,1,7,17,7,12
GP,M,20,U,LE3,T,3,1,at_home,health,other,other,2,3,0,no,no,no,no,yes,yes,yes,no,3,2,4,2,3,5,2,4,7,5
MS,F,20,R,GT3,T,2,2,services,services,reputation,other,2,1,0,no,yes,no,yes,yes,yes,yes,no,5,1,1,4,1,3,27,3,18,9
GP,M,17,U,GT3,T,1,3,teacher,health,course,father,3,3,1,no,yes,no,no,yes,yes,yes,no,3,4,4,5,3,3,28,13,12,9
GP,M,15,R,LE3,T,4,3,at_home,other,course,mother,4,2,1,no,yes,yes,no,no,yes,yes,no,3,5,5,2,2,3,28,15,16,13
GP,F,15,R,LE3,T,4,1,other,health,other,father,1,4,0,no,yes,yes,no,yes,yes,yes,yes,2,3,1,2,4,3,22,7,4,6
MS,F,21,U,GT3,A,3,4,services,other,other,other,3,4,0,yes,no,yes,no,yes,yes,yes,no,1,4,5,3,3,2,17,13,12,15
MS,M,21,U,GT3,T,1,3,other,other,course,father,3,3,1,no,yes,no,no,no,yes,no,no,3,3,5,4,4,3,2,8,10,6
MS,M,21,R,LE3,T,2,1,health,health,course,other,1,2,2,yes,no,yes,yes,yes,yes,no,yes,4,4,3,2,1,3,12,5,7,4
MS,M,21,U,LE3,T,1,0,services,health,reputation,other,3,3,0,yes,yes,no,no,yes,no,yes,no,1,3,4,5,1,2,11,18,9,15
GP,F,19,U,LE3,T,0,4,at_home,other,home,other,1,3,0,no,yes,no,no,no,yes,yes,yes,4,2,4,1,5,3,14,10,17,17
GP,M,19,R,LE3,T,1,2,services,services,other,father,4,1,0,no,yes,no,yes,no,yes,no,yes,4,1,3,4,5,5,17,9,18,15
MS,M,20,U,GT3,T,0,3,other,other,course,other,2,3,2,no,yes,no,yes,no,yes,yes,yes,1,1,4,3,3,5,4,4,9,5
GP,M,16,R,LE3,T,0,1,teacher,at_home,other,other,4,1,0,no,yes,no,no,no,no,yes,no,1,2,3,2,5,4,6,18,16,18
GP,F,17,U,LE3,T,2,0,services,other,other,father,2,1,0,no,yes,yes,no,yes,no,yes,no,4,4,1,5,4,5,10,14,7,9
GP,M,17,R,LE3,T,3,2,at_home,services,course,other,1,4,1,yes,yes,no,yes,no,yes,yes,no,2,5,5,4,5,1,25,9,10,8
MS,M,21,U,LE3,T,1,1,health,at_home,reputation,father,2,1,0,yes,yes,no,no,yes,no,yes,no,5,4,5,5,4,1,26,17,11,16
MS,F,20,R,GT3,A,0,1,teacher,teacher,other,other,4,1,0,yes,yes,yes,yes,yes,yes,yes,yes,5,1,4,5,5,1,10,17,6,9
GP,M,18,R,GT3,T,1,2,health,teacher,reputation,mother,2,4,0,yes,yes,no,yes,yes,yes,yes,yes,2,5,2,3,5,2,26,3,6,5
MS,M,16,U,GT3,A,3,0,services,services,course,mother,1,3,0,no,no,no,no,yes,yes,yes,yes,1,3,5,4,5,5,14,11,18,13
MS,F,20,U,LE3,T,3,0,other,other,home,other,2,2,0,no,no,yes,yes,no,yes,yes,yes,4,5,3,2,2,1,9,15,10,13
MS,M,16,R,LE3,T,4,4,other,health,home,mother,3,2,0,yes,yes,yes,no,no,no,yes,yes,5,4,2,3,2,4,14,9,3,6
MS,F,16,U,GT3,T,3,3,at_home,services,other,father,4,2,0,no,yes,yes,no,yes,yes,no,no,4,2,2,2,5,2,12,8,17,14
MS,F,16,U,LE3,T,2,2,other,at_home,course,mother,3,3,0,no,yes,no,no,yes,no,yes,no,2,3,5,1,4,4,13,18,6,13
GP,M,20,U,LE3,A,0,2,teacher,at_home,reputation,other,1,1,1,yes,no,yes,yes,yes,yes,yes,no,4,4,5,5,3,5,16,15,8,8
MS,M,21,U,GT3,T,4,2,other,teacher,other,other,2,2,1,yes,yes,yes,no,no,yes,no,yes,2,3,5,1,1,3,12,4,18,8
GP,M,17,R,GT3,A,2,0,at_home,at_home,course,father,3,3,0,yes,yes,yes,yes,no,yes,no,no,1,5,3,5,2,4,9,5,15,11
GP,M,17,U,GT3,T,1,3,services,services,course,other,3,1,0,yes,yes,no,no,yes,yes,yes,yes,2,1,2,3,5,3,24,3,6,4
MS,F,21,U,GT3,A,0,4,services,at_home,reputation,father,2,4,0,yes,yes,yes,no,yes,yes,yes,yes,2,4,4,2,1,2,0,17,8,13
GP,M,16,U,LE3,T,3,1,other,services,other,mother,2,2,0,no,yes,no,yes,yes,yes,yes,no,5,2,3,2,2,4,0,12,7,12
GP,F,18,U,LE3,T,0,1,health,health,course,mother,4,1,0,yes,no,no,no,yes,no,no,no,4,5,1,3,3,4,29,15,18,18
GP,M,15,U,GT3,T,1,2,services,teacher,course,father,3,2,0,no,yes,yes,no,no,yes,no,yes,5,4,5,4,4,2,14,7,16,15
MS,M,20,U,LE3,T,4,3,other,at_home,course,father,3,2,0,no,no,no,yes,yes,yes,no,no,3,2,2,1,5,2,15,11,11,11
MS,M,15,R,GT3,T,4,0,at_home,services,reputation,other,1,2,0,no,yes,no,yes,yes,yes,yes,yes,2,4,3,1,3,1,11,15,18,16
GP,F,21,U,GT3,T,4,3,other,other,other,mother,4,1,0,no,yes,yes,yes,yes,yes,yes,no,3,5,1,2,2,5,25,8,12,11
MS,M,18,U,LE3,A,3,3,services,teacher,other,father,1,3,0,yes,no,no,no,yes,no,yes,no,5,4,3,2,5,4,23,7,11,9
MS,M,20,R,GT3,T,2,0,at_home,health,other,mother,3,1,0,no,yes,yes,yes,no,yes,yes,no,4,3,3,2,1,4,5,14,6,10
MS,M,21,U,LE3,T,2,2,other,services,other,father,1,2,0,no,no,no,yes,yes,yes,yes,yes,5,5,4,3,4,2,5,18,15,17
MS,M,16,R,LE3,T,0,3,teacher,health,home,mother,3,1,0,yes,yes,no,no,yes,yes,yes,no,4,4,4,4,2,2,11,5,16,13
GP,F,17,U,LE3,T,3,1,at_home,health,home,other,3,4,2,yes,yes,yes,yes,yes,yes,yes,no,4,1,3,1,4,5,24,7,6,6
GP,M,15,U,LE3,T,4,0,teacher,at_home,other,mother,1,3,2,no,no,yes,no,yes,yes,yes,no,1,4,1,5,5,2,14,10,14,11
MS,F,19,U,GT3,T,4,4,health,at_home,reputation,mother,1,1,0,no,yes,no,no,yes,yes,yes,yes,2,3,2,3,3,3,3,18,10,17
MS,F,19,U,LE3,T,1,2,at_home,services,home,mother,2,4,0,no,no,no,yes,no,yes,yes,no,5,2,2,1,4,3,23,14,12,16
GP,F,18,R,GT3,T,1,0,teacher,other,course,mother,2,3,0,no,yes,yes,no,yes,yes,yes,no,4,2,5,4,1,3,3,4,17,10
GP,F,16,U,GT3,T,4,4,services,services,home,mother,2,4,0,no,no,no,yes,yes,yes,yes,no,5,2,5,3,2,3,29,7,6,9
MS,F,15,U,GT3,T,4,4,services,other,course,other,3,3,0,yes,yes,no,yes,yes,yes,no,no,5,1,2,1,1,5,1,8,4,8
GP,F,16,U,GT3,T,3,3,health,health,other,father,1,1,1,no,yes,no,yes,yes,yes,yes,no,4,3,3,3,4,4,26,12,15,13
MS,M,15,U,LE3,T,2,3,at_home,teacher,home,mother,4,4,0,yes,no,no,yes,yes,yes,no,no,3,5,3,1,3,3,23,10,15,13
MS,F,18,R,LE3,T,1,3,at_home,services,reputation,other,3,2,1,yes,no,yes,no,yes,yes,yes,no,2,2,4,1,3,2,11,10,16,13
GP,F,18,U,GT3,T,2,0,at_home,services,home,mother,4,4,0,no,no,yes,no,no,yes,yes,yes,2,3,4,4,1,3,6,17,17,18
GP,F,19,U,GT3,T,3,0,health,other,home,mother,1,3,0,no,no,yes,yes,no,no,yes,no,1,4,5,5,5,5,19,7,4,5
MS,M,16,U,LE3,A,4,2,at_home,health,home,father,3,1,1,no,no,yes,yes,yes,yes,yes,yes,1,1,2,4,5,2,8,11,3,5
MS,M,20,U,GT3,T,2,3,services,health,other,mother,4,3,0,no,yes,yes,no,yes,yes,no,no,1,3,3,1,3,3,8,6,7,8
GP,F,19,R,LE3,A,4,4,teacher,other,reputation,other,4,4,0,no,yes,yes,yes,yes,no,yes,yes,2,3,2,3,1,4,7,14,18,16
MS,M,16,U,GT3,T,4,1,services,health,home,other,2,4,0,yes,yes,no,no,yes,yes,no,no,3,5,1,4,1,2,13,11,17,14
GP,F,19,R,LE3,T,0,2,services,at_home,reputation,father,2,2,0,yes,yes,yes,yes,no,yes,yes,yes,2,3,2,5,1,2,0,13,8,12
MS,F,20,U,GT3,T,2,0,teacher,teacher,other,mother,2,1,3,yes,yes,no,no,yes,yes,no,yes,2,5,1,1,4,4,22,18,11,11
GP,M,17,U,GT3,A,2,2,services,services,course,other,3,1,0,no,yes,no,no,yes,yes,yes,no,2,1,4,4,5,2,20,9,7,9
GP,F,17,R,LE3,T,4,2,health,teacher,home,mother,1,4,3,no,yes,no,no,no,yes,no,yes,2,1,4,4,5,3,22,8,15,6
GP,M,17,U,GT3,A,3,2,teacher,services,reputation,mother,1,1,3,no,no,yes,yes,no,yes,yes,yes,3,4,5,4,4,2,11,6,8,4
MS,M,17,U,GT3,A,0,2,services,at_home,reputation,mother,2,2,1,no,yes,no,yes,yes,no,yes,yes,1,5,2,4,2,3,24,4,8,4
MS,F,21,R,LE3,T,4,1,other,health,other,father,2,3,0,no,yes,yes,yes,yes,yes,yes,no,5,5,2,3,4,4,1,10,5,7
GP,F,15,U,GT3,T,1,3,services,other,home,mother,2,1,0,yes,yes,no,yes,yes,yes,no,no,1,2,1,5,1,1,12,8,18,13
MS,M,21,R,LE3,T,1,4,health,at_home,course,other,4,4,2,yes,no,no,yes,yes,yes,yes,no,1,2,4,5,4,4,29,14,14,14
GP,F,21,U,LE3,T,0,2,at_home,teacher,reputation,mother,2,3,0,no,no,yes,no,no,yes,yes,no,5,4,1,1,1,3,26,17,6,12
GP,F,21,R,GT3,A,3,2,services,other,home,other,4,3,0,no,no,no,no,no,yes,no,no,2,1,4,2,3,5,3,5,3,8
MS,F,17,R,GT3,A,4,2,at_home,health,course,mother,1,2,0,no,yes,no,no,no,yes,yes,yes,3,2,1,3,1,4,19,9,6,5
MS,M,20,U,GT3,T,2,3,other,at_home,reputation,other,3,4,0,yes,yes,no,no,yes,yes,yes,yes,3,3,4,1,5,5,17,12,3,6
GP,M,18,R,GT3,T,0,0,services,other,reputation,other,3,1,0,no,yes,no,no,no,yes,yes,no,1,1,1,1,4,5,18,9,17,15
MS,F,18,U,GT3,T,3,0,teacher,at_home,course,mother,3,4,0,no,yes,yes,no,yes,no,yes,yes,5,3,4,4,1,3,15,8,7,11
MS,M,15,R,GT3,T,2,1,at_home,at_home,course,mother,3,3,0,yes,yes,no,no,yes,no,no,yes,4,5,1,2,2,3,26,18,13,15
GP,M,17,U,GT3,A,1,0,other,health,other,other,4,4,2,no,yes,no,yes,yes,yes,no,no,2,1,2,2,3,1,13,4,13,7
GP,M,17,U,LE3,T,1,2,teacher,services,home,father,4,1,0,no,yes,yes,no,yes,yes,yes,no,1,4,5,3,2,2,29,10,10,11
MS,M,17,U,GT3,T,2,2,teacher,other,home,mother,2,1,2,no,no,no,yes,no,yes,no,yes,3,5,1,2,2,4,28,3,10,3
GP,M,19,U,LE3,T,0,2,teacher,health,other,father,4,2,0,yes,no,no,no,yes,no,yes,yes,5,5,5,1,2,3,7,15,7,12
GP,F,16,U,GT3,T,1,1,teacher,at_home,reputation,mother,2,1,1,no,yes,no,no,yes,yes,yes,no,5,3,2,2,3,4,11,3,16,8
MS,F,19,R,GT3,T,4,2,services,health,course,mother,2,1,0,no,yes,no,yes,yes,yes,yes,no,1,5,2,2,3,5,8,8,18,11
GP,F,16,R,LE3,T,2,0,services,services,course,mother,3,4,1,no,yes,yes,no,yes,yes,yes,no,4,2,4,5,3,2,5,7,18,12
GP,M,17,R,GT3,T,2,3,services,other,course,mother,4,4,0,no,yes,no,yes,yes,yes,yes,no,3,1,5,1,3,1,25,11,12,13
MS,M,17,U,GT3,T,1,3,other,services,reputation,father,4,3,1,no,no,yes,no,yes,yes,no,no,1,2,3,2,2,4,17,15,4,9
MS,F,19,U,LE3,A,0,4,other,teacher,course,mother,2,2,0,no,yes,no,yes,no,yes,no,no,4,3,4,2,5,2,1,14,14,12
GP,M,19,U,GT3,T,4,0,other,other,course,other,2,4,2,no,no,no,no,yes,yes,yes,no,5,3,5,4,5,1,22,9,8,8
GP,F,16,U,GT3,T,0,2,health,services,other,other,1,1,3,no,yes,no,yes,yes,yes,yes,yes,2,1,1,2,3,4,7,4,3,0
MS,F,18,U,GT3,T,3,3,other,at_home,reputation,father,1,3,0,yes,no,yes,yes,yes,yes,yes,no,3,5,1,2,4,2,23,15,9,11
MS,F,16,U,LE3,T,3,0,services,other,home,mother,2,4,0,no,yes,no,no,no,yes,no,yes,3,4,2,5,1,3,13,14,13,17
MS,M,19,R,GT3,T,1,3,services,other,other,other,1,2,1,yes,no,no,no,yes,no,no,yes,4,3,3,1,4,4,5,9,6,6
MS,M,20,U,GT3,T,1,2,health,health,other,father,1,2,0,no,yes,yes,yes,yes,yes,yes,no,1,1,1,3,4,2,9,17,18,18
GP,F,19,U,GT3,T,1,3,health,at_home,home,mother,2,3,2,no,no,yes,no,yes,no,no,no,5,4,5,1,4,1,7,5,7,5
MS,F,20,U,GT3,T,3,4,other,teacher,other,other,2,3,0,no,yes,yes,yes,yes,yes,yes,no,4,5,5,4,5,2,29,18,8,17
MS,F,15,U,LE3,T,0,4,at_home,services,reputation,other,4,3,0,no,yes,yes,no,yes,yes,yes,yes,2,3,1,1,1,3,16,3,18,12
GP,F,19,U,LE3,T,0,3,health,health,course,father,2,3,3,no,no,no,yes,no,yes,yes,no,2,1,5,2,4,4,24,13,13,11
MS,M,15,R,GT3,A,1,0,teacher,services,reputation,mother,2,3,0,yes,no,no,no,yes,yes,yes,no,2,1,5,4,3,4,28,18,3,10
GP,M,18,U,GT3,T,4,0,services,teacher,home,mother,3,1,1,no,no,no,yes,yes,yes,yes,no,4,1,2,1,5,4,11,10,11,9
MS,F,16,U,LE3,T,0,0,teacher,teacher,home,other,4,1,0,no,no,no,no,no,yes,yes,yes,5,3,3,4,3,3,16,16,12,14
MS,F,20,U,LE3,T,3,3,services,other,other,other,4,4,0,yes,no,yes,yes,yes,yes,yes,no,3,4,2,3,3,1,12,14,6,12
MS,M,16,R,GT3,T,2,0,services,teacher,reputation,other,4,2,0,yes,yes,no,yes,yes,yes,yes,no,1,1,3,1,4,4,18,5,10,9
GP,M,15,R,LE3,T,2,2,health,services,reputation,mother,3,1,0,no,yes,no,no,yes,yes,yes,yes,3,5,5,2,3,1,11,13,7,13
GP,F,20,R,GT3,T,2,4,health,at_home,home,father,2,1,0,no,yes,no,no,yes,no,yes,no,5,1,3,4,1,2,15,10,13,9
MS,F,16,U,LE3,A,4,2,teacher,at_home,reputation,father,4,1,0,no,no,no,yes,yes,yes,yes,no,3,4,5,5,3,1,24,9,10,9
GP,F,19,U,LE3,T,1,0,services,other,home,mother,4,4,0,no,yes,yes,yes,yes,no,no,yes,4,3,5,4,4,1,26,14,17,19
GP,M,17,U,LE3,T,3,2,teacher,services,reputation,father,1,3,0,yes,yes,no,yes,no,yes,yes,yes,2,1,2,5,3,4,4,17,3,9
GP,M,15,R,LE3,T,4,0,at_home,services,reputation,other,4,4,1,no,yes,no,yes,no,yes,yes,yes,5,1,2,2,5,5,24,4,10,8
GP,M,16,R,GT3,T,3,3,teacher,teacher,reputation,father,2,2,0,no,no,no,no,yes,yes,yes,no,5,5,4,3,5,5,15,15,13,16
GP,F,15,U,LE3,T,3,2,other,services,home,father,2,2,0,no,yes,yes,yes,yes,yes,no,yes,3,5,1,5,5,3,24,16,15,16
GP,F,21,R,LE3,T,1,3,teacher,health,other,father,1,2,0,no,yes,yes,yes,yes,yes,no,no,4,1,4,3,2,3,5,16,13,13
MS,M,15,R,GT3,T,2,3,other,teacher,reputation,other,4,2,0,no,yes,no,yes,no,yes,yes,no,3,1,4,4,5,5,10,3,6,5
MS,M,20,U,LE3,A,1,1,other,health,home,mother,4,1,1,no,yes,no,no,yes,yes,yes,no,3,5,3,2,5,2,16,9,4,7
GP,F,21,R,LE3,T,4,0,other,other,home,other,4,1,0,no,yes,no,yes,yes,yes,no,yes,5,4,5,5,2,4,25,15,13,17
